Config DS,OVS Switch,Operational DS
12355.2123552,6231.7429406,3310.2306817
