Config DS,OVS Switch,Operational DS
632.11125158,605.326876513,264.480296218
Config DS,OVS Switch,Operational DS
623.830318153,600.240096038,263.088660879
Config DS,OVS Switch,Operational DS
642.260757868,619.578686493,265.886732252
Config DS,OVS Switch,Operational DS
607.902735562,583.430571762,259.807742271
Config DS,OVS Switch,Operational DS
652.315720809,626.174076393,267.665952891
Config DS,OVS Switch,Operational DS
884.673909197,861.868358227,757.392147358
Config DS,OVS Switch,Operational DS
214.086919289,208.724692131,139.977603583
Config DS,OVS Switch,Operational DS
288.6002886,283.366392746,272.925764192
